{
  "weights_ih": {
    "data": [
      [
        -7.118661378554619,
        -7.169496899763042
      ],
      [
        8.625730555712597,
        -6.974487306505918
      ],
      [
        -6.530301101995201,
        4.623006144042947
      ],
      [
        7.044275818625246,
        -8.610373755824908
      ],
      [
        -5.161838790858153,
        3.0220300857553317
      ],
      [
        5.416007778164696,
        -7.105720053698115
      ],
      [
        -2.3549222546393747,
        4.786146419338783
      ],
      [
        0.6713839172085766,
        1.0111166303202037
      ],
      [
        -1.08173589532554,
        -1.198023232144995
      ],
      [
        2.3216838575352234,
        2.368157671368068
      ]
    ],
    "rows": 10,
    "cols": 2
  },
  "weights_ho": {
    "data": [
      [
        -3.219949161086935,
        -4.6616271724664164,
        2.3513511986214453,
        4.47522229739087,
        1.465366614908748,
        2.6561044217302556,
        -1.2765900438576947,
        -0.26463587960156343,
        0.4927658399221109,
        0.7214838004113662
      ]
    ],
    "rows": 1,
    "cols": 10
  },
  "bias_h": {
    "data": [
      [
        2.560203976938228
      ],
      [
        3.144730878559972
      ],
      [
        -1.8815534608122604
      ],
      [
        -3.2065087065214386
      ],
      [
        -0.9811042634985053
      ],
      [
        -2.351960359540562
      ],
      [
        0.5061899476138241
      ],
      [
        -0.7959094252447343
      ],
      [
        1.6895492923683775
      ],
      [
        1.0235485479982473
      ]
    ],
    "rows": 10,
    "cols": 1
  },
  "bias_o": {
    "data": [
      [
        1.139534813629288
      ]
    ],
    "rows": 1,
    "cols": 1
  },
  "l_rate": 0.01
}